-- phpMyAdmin SQL Dump
-- version 4.4.11
-- http://www.phpmyadmin.net
--
-- Host: 127.0.0.1
-- Generation Time: Jan 09, 2017 at 11:56 AM
-- Server version: 5.6.25
-- PHP Version: 5.6.11

SET SQL_MODE = "NO_AUTO_VALUE_ON_ZERO";
SET time_zone = "+00:00";


/*!40101 SET @OLD_CHARACTER_SET_CLIENT=@@CHARACTER_SET_CLIENT */;
/*!40101 SET @OLD_CHARACTER_SET_RESULTS=@@CHARACTER_SET_RESULTS */;
/*!40101 SET @OLD_COLLATION_CONNECTION=@@COLLATION_CONNECTION */;
/*!40101 SET NAMES utf8mb4 */;

--
-- Database: `db_sapro`
--
CREATE DATABASE IF NOT EXISTS `db_sapro` DEFAULT CHARACTER SET latin1 COLLATE latin1_swedish_ci;
USE `db_sapro`;

-- --------------------------------------------------------

--
-- Table structure for table `ci_sessions`
--

DROP TABLE IF EXISTS `ci_sessions`;
CREATE TABLE IF NOT EXISTS `ci_sessions` (
  `id` varchar(128) NOT NULL,
  `ip_address` varchar(45) NOT NULL,
  `timestamp` int(10) unsigned NOT NULL DEFAULT '0',
  `data` blob NOT NULL
) ENGINE=InnoDB DEFAULT CHARSET=latin1;

--
-- Dumping data for table `ci_sessions`
--

INSERT INTO `ci_sessions` (`id`, `ip_address`, `timestamp`, `data`) VALUES
('8q29d5jca836t1qmm6c6sd9gr6v844rc', '::1', 1483416498, 0x5f5f63695f6c6173745f726567656e65726174657c693a313438333431363239303b6572726f727c733a32303a224d616166204e504b20416e64612053616c61682e223b5f5f63695f766172737c613a313a7b733a353a226572726f72223b733a333a226f6c64223b7d),
('5g8npq517nv48sm7fof9otahuh5pgbet', '::1', 1483417612, 0x5f5f63695f6c6173745f726567656e65726174657c693a313438333431373438393b737563636573737c733a38333a22526567697374657220416e646120426572686173696c2053696c61686b616e204c6f67696e2044656e67616e20557365726e616d652064616e2050617373776f72642053657375616920416b756e20494b6154223b5f5f63695f766172737c613a313a7b733a373a2273756363657373223b733a333a226f6c64223b7d),
('mpr0cj19mq3pkj7f88ltvaeomsrodofv', '::1', 1483418126, 0x5f5f63695f6c6173745f726567656e65726174657c693a313438333431373935373b),
('of2sru6tao6ob2o4m209p9pep9s77p5o', '::1', 1483421926, 0x5f5f63695f6c6173745f726567656e65726174657c693a313438333432313639353b6b6172796177616e5f69647c733a353a223233333639223b6c6f676765645f696e7c623a313b),
('n09bhrlfhasgc36p9ffp8008qk65l2su', '::1', 1483422493, 0x5f5f63695f6c6173745f726567656e65726174657c693a313438333432323231383b6b6172796177616e5f69647c733a353a223233333639223b6c6f676765645f696e7c623a313b),
('q9q928tfs701u91k4acrro8jv6612u4t', '::1', 1483422813, 0x5f5f63695f6c6173745f726567656e65726174657c693a313438333432323533383b6b6172796177616e5f69647c733a353a223233333639223b6c6f676765645f696e7c623a313b),
('akvgc78lg2h90sgd554s1j5iogb6l47b', '::1', 1483423148, 0x5f5f63695f6c6173745f726567656e65726174657c693a313438333432333134383b6b6172796177616e5f69647c733a353a223233333639223b6c6f676765645f696e7c623a313b),
('kkj9lgtbp22ak7utibfu171dvf8qvgu0', '::1', 1483423535, 0x5f5f63695f6c6173745f726567656e65726174657c693a313438333432333438393b6b6172796177616e5f69647c733a353a223233333639223b6c6f676765645f696e7c623a313b),
('ec31qgiubkrfin10p6q2d13b104vergl', '::1', 1483424058, 0x5f5f63695f6c6173745f726567656e65726174657c693a313438333432333939343b6b6172796177616e5f69647c733a353a223233333639223b6c6f676765645f696e7c623a313b),
('qh0b71iq7eargsul2kunh8hak88u3btk', '::1', 1483424296, 0x5f5f63695f6c6173745f726567656e65726174657c693a313438333432343132313b),
('qvvjtu47704lbr75sk61hpri5vhqbe1e', '::1', 1483424993, 0x5f5f63695f6c6173745f726567656e65726174657c693a313438333432343938393b),
('2i9hav3au9p848lgo8jj7r1gp0fnkt7e', '::1', 1483426026, 0x5f5f63695f6c6173745f726567656e65726174657c693a313438333432353736353b),
('qgubr7rakjr6a83ht7aqrf2qmmknrpcc', '::1', 1483426118, 0x5f5f63695f6c6173745f726567656e65726174657c693a313438333432363037343b),
('g2q6v24ih9jlhbc18q1ob1eemknmm5ot', '::1', 1483426637, 0x5f5f63695f6c6173745f726567656e65726174657c693a313438333432363633373b),
('umfva992bnnia8jcf2l8hg574qs00u34', '::1', 1483428422, 0x5f5f63695f6c6173745f726567656e65726174657c693a313438333432383135333b),
('1evitdtq6j83p3u5g2rgn4qrgnjoctdf', '::1', 1483433425, 0x5f5f63695f6c6173745f726567656e65726174657c693a313438333433333232363b),
('rmk1i5e3frdlv42hs07hnonp8sdl2n22', '::1', 1483433853, 0x5f5f63695f6c6173745f726567656e65726174657c693a313438333433333535393b),
('i9em55rpelor6um6p5cu5sgi9m25uokc', '::1', 1483434335, 0x5f5f63695f6c6173745f726567656e65726174657c693a313438333433343131353b),
('58slj0kc527qj0e1vnq1kpo4ni0qat3b', '::1', 1483434887, 0x5f5f63695f6c6173745f726567656e65726174657c693a313438333433343539303b),
('vmkj1ce2tck6nq3jrtsqqcmvhg6m8m2t', '::1', 1483435517, 0x5f5f63695f6c6173745f726567656e65726174657c693a313438333433353336353b737563636573737c733a32313a224461746120426572686173696c2044692045646974223b5f5f63695f766172737c613a313a7b733a373a2273756363657373223b733a333a226f6c64223b7d),
('a07ca22p4dbgc2sckl60kgpkp3ma818i', '::1', 1483438162, 0x5f5f63695f6c6173745f726567656e65726174657c693a313438333433383136323b),
('pvgrasrou78iib7tamt6lp9p8taruob6', '::1', 1483438764, 0x5f5f63695f6c6173745f726567656e65726174657c693a313438333433383530383b),
('5vjr7c78lsohp1m1obq6uvo6lcr1glcs', '::1', 1483439424, 0x5f5f63695f6c6173745f726567656e65726174657c693a313438333433393337373b),
('8jprjgoopgqtdnuv6ufb50e52t1mj4ir', '::1', 1483439857, 0x5f5f63695f6c6173745f726567656e65726174657c693a313438333433393835373b),
('raeclhq16o0pdh4io72c6kf9a9k5gc26', '::1', 1483440737, 0x5f5f63695f6c6173745f726567656e65726174657c693a313438333434303435383b),
('1dppg0uuh0lg8vhjg8jnhm1krrca81qr', '::1', 1483440768, 0x5f5f63695f6c6173745f726567656e65726174657c693a313438333434303736383b737563636573737c733a32333a224461746120426572686173696c2044692054616d626168223b5f5f63695f766172737c613a313a7b733a373a2273756363657373223b733a333a226f6c64223b7d),
('7lqlevgf4tbd90epq0l3p5mjop7333pn', '::1', 1483444523, 0x5f5f63695f6c6173745f726567656e65726174657c693a313438333434343337343b737563636573737c733a32313a224461746120426572686173696c2044692045646974223b5f5f63695f766172737c613a313a7b733a373a2273756363657373223b733a333a226f6c64223b7d),
('shr7cq93q1r90fhpj2a9ai6au30qjrfc', '::1', 1483445238, 0x5f5f63695f6c6173745f726567656e65726174657c693a313438333434343935303b),
('nghvmgluuerq90qe89h4p5pvoqv7luju', '::1', 1483445569, 0x5f5f63695f6c6173745f726567656e65726174657c693a313438333434353237373b),
('hqpibamnvp7vi459bstoah1casa1av99', '::1', 1483445943, 0x5f5f63695f6c6173745f726567656e65726174657c693a313438333434353634383b6b6172796177616e5f69647c733a353a223233333639223b6e616d617c733a31363a2244414e414e47204e5552204641555a49223b6c6f676765645f696e7c623a313b),
('u3urjurjmtg3vp51au0rbud9ehpa1t47', '::1', 1483446343, 0x5f5f63695f6c6173745f726567656e65726174657c693a313438333434363132343b6b6172796177616e5f69647c733a353a223233333639223b6e616d617c733a31363a2244414e414e47204e5552204641555a49223b6c6f676765645f696e7c623a313b),
('bm6tbbtb78s8pplramam95pu9ijkb73m', '::1', 1483446951, 0x5f5f63695f6c6173745f726567656e65726174657c693a313438333434363931303b6b6172796177616e49647c733a353a223233333639223b7573657249647c733a313a2231223b6e616d617c733a31363a2244414e414e47204e5552204641555a49223b6c6f676765645f696e7c623a313b),
('dajdan877boo5vigisg9gqdsn21dume1', '::1', 1483447570, 0x5f5f63695f6c6173745f726567656e65726174657c693a313438333434373537303b6b6172796177616e49647c733a353a223233333639223b7573657249647c733a313a2231223b6e616d617c733a31363a2244414e414e47204e5552204641555a49223b6c6f676765645f696e7c623a313b),
('44c1es6njnlh8hd7ric0e9g3ofpl3feo', '::1', 1483459811, 0x5f5f63695f6c6173745f726567656e65726174657c693a313438333435393737393b6b6172796177616e49647c733a353a223233333639223b7573657249647c733a313a2231223b6e616d617c733a31363a2244414e414e47204e5552204641555a49223b6c6f676765645f696e7c623a313b),
('pjtp9bv8t1ifvu38u5gkj2me83nribmf', '::1', 1483460358, 0x5f5f63695f6c6173745f726567656e65726174657c693a313438333436303135333b6b6172796177616e49647c733a353a223233333639223b7573657249647c733a313a2231223b6e616d617c733a31363a2244414e414e47204e5552204641555a49223b6c6f676765645f696e7c623a313b),
('tvghdci2dvukcq9ht0cojjcd3m9m2poj', '::1', 1483460681, 0x5f5f63695f6c6173745f726567656e65726174657c693a313438333436303634363b6b6172796177616e49647c733a353a223233333639223b7573657249647c733a313a2231223b6e616d617c733a31363a2244414e414e47204e5552204641555a49223b6c6f676765645f696e7c623a313b),
('5i5a749c5hrv3q9cphuigjuhc3q3t45b', '::1', 1483461376, 0x5f5f63695f6c6173745f726567656e65726174657c693a313438333436313337363b6b6172796177616e49647c733a353a223233333639223b7573657249647c733a313a2231223b6e616d617c733a31363a2244414e414e47204e5552204641555a49223b6c6f676765645f696e7c623a313b),
('4qqujd38opdaabqis1h8s8kv9d1le7nl', '::1', 1483462088, 0x5f5f63695f6c6173745f726567656e65726174657c693a313438333436313834373b6b6172796177616e49647c733a353a223233333639223b7573657249647c733a313a2231223b6e616d617c733a31363a2244414e414e47204e5552204641555a49223b6c6f676765645f696e7c623a313b),
('ortj67b7kegvkgsb12ueokb3p4ncqrt4', '::1', 1483496734, 0x5f5f63695f6c6173745f726567656e65726174657c693a313438333439363730323b6b6172796177616e49647c733a353a223233333639223b7573657249647c733a313a2231223b6e616d617c733a31363a2244414e414e47204e5552204641555a49223b6c6f676765645f696e7c623a313b),
('12ir8qte4s2ogk0hto3hhsak6j4ge1j2', '::1', 1483497426, 0x5f5f63695f6c6173745f726567656e65726174657c693a313438333439373432363b6b6172796177616e49647c733a353a223233333639223b7573657249647c733a313a2231223b6e616d617c733a31363a2244414e414e47204e5552204641555a49223b6c6f676765645f696e7c623a313b),
('cdddl6hqm3vlb3fts6uimtq88eo22mfi', '::1', 1483499142, 0x5f5f63695f6c6173745f726567656e65726174657c693a313438333439383835323b6b6172796177616e49647c733a353a223233333639223b7573657249647c733a313a2231223b6e616d617c733a31363a2244414e414e47204e5552204641555a49223b6c6f676765645f696e7c623a313b),
('kb8fpe6rjirkp9fpt8ijfnjvmbrqveml', '::1', 1483499378, 0x5f5f63695f6c6173745f726567656e65726174657c693a313438333439393138303b6b6172796177616e49647c733a353a223233333639223b7573657249647c733a313a2231223b6e616d617c733a31363a2244414e414e47204e5552204641555a49223b6c6f676765645f696e7c623a313b),
('ckgcdbc70kemmtc8gv8m7dvgei08f2fo', '::1', 1483503480, 0x5f5f63695f6c6173745f726567656e65726174657c693a313438333530333138323b6b6172796177616e49647c733a353a223233333639223b7573657249647c733a313a2231223b6e616d617c733a31363a2244414e414e47204e5552204641555a49223b6c6f676765645f696e7c623a313b),
('81fkukrsjk6mu4gekl3vm9dmubs2ma0p', '::1', 1483503704, 0x5f5f63695f6c6173745f726567656e65726174657c693a313438333530333535393b6b6172796177616e49647c733a353a223233333639223b7573657249647c733a313a2231223b6e616d617c733a31363a2244414e414e47204e5552204641555a49223b6c6f676765645f696e7c623a313b),
('6s629juci3qpbc1ffog44db8t8fc6sf4', '::1', 1483504364, 0x5f5f63695f6c6173745f726567656e65726174657c693a313438333530343132383b6b6172796177616e49647c733a353a223233333639223b7573657249647c733a313a2231223b6e616d617c733a31363a2244414e414e47204e5552204641555a49223b6c6f676765645f696e7c623a313b),
('5idal5qe9t3vg5nrgbc42ei68fpsh5d9', '::1', 1483504678, 0x5f5f63695f6c6173745f726567656e65726174657c693a313438333530343434303b6b6172796177616e49647c733a353a223233333639223b7573657249647c733a313a2231223b6e616d617c733a31363a2244414e414e47204e5552204641555a49223b6c6f676765645f696e7c623a313b737563636573737c733a34383a224f7264657220426172616e6720426572686173696c2053696c616b616e204c616b756b616e2050656d6261796172616e223b5f5f63695f766172737c613a313a7b733a373a2273756363657373223b733a333a226f6c64223b7d),
('7158uq6dtmia33ddr0n2r7tq58mqe5mt', '::1', 1483505213, 0x5f5f63695f6c6173745f726567656e65726174657c693a313438333530353035313b6b6172796177616e49647c733a353a223233333639223b7573657249647c733a313a2231223b6e616d617c733a31363a2244414e414e47204e5552204641555a49223b6c6f676765645f696e7c623a313b),
('9rgmuf3dcs5vc0o81j61ctlfbhkmmlv8', '::1', 1483505642, 0x5f5f63695f6c6173745f726567656e65726174657c693a313438333530353537373b6b6172796177616e49647c733a353a223130353631223b7573657249647c733a313a2232223b6e616d617c733a31333a2241524946204d41524748414e41223b6c6f676765645f696e7c623a313b),
('bftdvd7teq0q34m6mlv4vne0irushpu8', '::1', 1483505985, 0x5f5f63695f6c6173745f726567656e65726174657c693a313438333530353838313b6b6172796177616e49647c733a353a223130353631223b7573657249647c733a313a2232223b6e616d617c733a31333a2241524946204d41524748414e41223b6c6f676765645f696e7c623a313b),
('b90117gfesq7lsutp2sp4qobfa640r76', '::1', 1483597058, 0x5f5f63695f6c6173745f726567656e65726174657c693a313438333539363837393b6b6172796177616e49647c733a353a223233333639223b7573657249647c733a313a2231223b6e616d617c733a31363a2244414e414e47204e5552204641555a49223b6c6f676765645f696e7c623a313b),
('ln2t2blkbtaqcbs97s12bubg6recafmh', '::1', 1483597757, 0x5f5f63695f6c6173745f726567656e65726174657c693a313438333539373537363b6b6172796177616e49647c733a353a223233333639223b7573657249647c733a313a2231223b6e616d617c733a31363a2244414e414e47204e5552204641555a49223b6c6f676765645f696e7c623a313b737563636573737c733a34383a224f7264657220426172616e6720426572686173696c2053696c616b616e204c616b756b616e2050656d6261796172616e223b5f5f63695f766172737c613a313a7b733a373a2273756363657373223b733a333a226f6c64223b7d),
('j2ake7d7230n8tn7l36vka2f42jqi0j2', '::1', 1483598728, 0x5f5f63695f6c6173745f726567656e65726174657c693a313438333539383631343b6b6172796177616e49647c733a353a223233333639223b7573657249647c733a313a2231223b6e616d617c733a31363a2244414e414e47204e5552204641555a49223b6c6f676765645f696e7c623a313b),
('bg61ok483bmih1tn61ghojfr2q37jfci', '::1', 1483599139, 0x5f5f63695f6c6173745f726567656e65726174657c693a313438333539393034383b6b6172796177616e49647c733a353a223233333639223b7573657249647c733a313a2231223b6e616d617c733a31363a2244414e414e47204e5552204641555a49223b6c6f676765645f696e7c623a313b),
('big50qgc5lnq5mnsm8arastpucl4b5eo', '::1', 1483600001, 0x5f5f63695f6c6173745f726567656e65726174657c693a313438333630303030313b6b6172796177616e49647c733a353a223233333639223b7573657249647c733a313a2231223b6e616d617c733a31363a2244414e414e47204e5552204641555a49223b6c6f676765645f696e7c623a313b),
('vghh4rufmjeo1r4aepndsd213m5c969t', '::1', 1483602066, 0x5f5f63695f6c6173745f726567656e65726174657c693a313438333630313932353b6b6172796177616e49647c733a353a223233333639223b7573657249647c733a313a2231223b6e616d617c733a31363a2244414e414e47204e5552204641555a49223b6c6f676765645f696e7c623a313b),
('8blm1f0knq0g97uasho52nk0pnbfmm4j', '::1', 1483602559, 0x5f5f63695f6c6173745f726567656e65726174657c693a313438333630323235393b6b6172796177616e49647c733a353a223233333639223b7573657249647c733a313a2231223b6e616d617c733a31363a2244414e414e47204e5552204641555a49223b6c6f676765645f696e7c623a313b),
('bnsr86qvu3g1urgvlkoipamk0auba1e0', '::1', 1483602803, 0x5f5f63695f6c6173745f726567656e65726174657c693a313438333630323538313b6b6172796177616e49647c733a353a223233333639223b7573657249647c733a313a2231223b6e616d617c733a31363a2244414e414e47204e5552204641555a49223b6c6f676765645f696e7c623a313b),
('shb6sdp1l7emb5tlkavseop2tegt56so', '::1', 1483602915, 0x5f5f63695f6c6173745f726567656e65726174657c693a313438333630323931353b6b6172796177616e49647c733a353a223233333639223b7573657249647c733a313a2231223b6e616d617c733a31363a2244414e414e47204e5552204641555a49223b6c6f676765645f696e7c623a313b),
('gt50bp9pf2nbqhattkp8vk84flll4v8o', '::1', 1483603903, 0x5f5f63695f6c6173745f726567656e65726174657c693a313438333630333833323b6b6172796177616e49647c733a353a223233333639223b7573657249647c733a313a2231223b6e616d617c733a31363a2244414e414e47204e5552204641555a49223b6c6f676765645f696e7c623a313b),
('duveflofankp4uhdjkprs71v32clhh7t', '::1', 1483604722, 0x5f5f63695f6c6173745f726567656e65726174657c693a313438333630343732323b6b6172796177616e49647c733a353a223233333639223b7573657249647c733a313a2231223b6e616d617c733a31363a2244414e414e47204e5552204641555a49223b6c6f676765645f696e7c623a313b),
('7aned966sb0o62jv30l630g6j4tsosh2', '::1', 1483607368, 0x5f5f63695f6c6173745f726567656e65726174657c693a313438333630373233333b6b6172796177616e49647c733a353a223233333639223b7573657249647c733a313a2231223b6e616d617c733a31363a2244414e414e47204e5552204641555a49223b6c6f676765645f696e7c623a313b),
('3b6bs9rovhku261gt6lgert843s5l6u6', '::1', 1483620492, 0x5f5f63695f6c6173745f726567656e65726174657c693a313438333632303333333b6b6172796177616e49647c733a353a223233333639223b7573657249647c733a313a2231223b6e616d617c733a31363a2244414e414e47204e5552204641555a49223b6c6f676765645f696e7c623a313b),
('r59n7ulf3fnnq4jh379592odh28gkniv', '::1', 1483671335, 0x5f5f63695f6c6173745f726567656e65726174657c693a313438333637313037323b6b6172796177616e49647c733a353a223233333639223b7573657249647c733a313a2231223b6e616d617c733a31363a2244414e414e47204e5552204641555a49223b6c6f676765645f696e7c623a313b),
('pgskg6q7j0i29q2a06a4e0kfou7tfj7d', '::1', 1483928997, 0x5f5f63695f6c6173745f726567656e65726174657c693a313438333932383939363b),
('24mjj32k7772a4um2mrnulaf7h33eiq6', '::1', 1483955364, 0x5f5f63695f6c6173745f726567656e65726174657c693a313438333935353230303b6b6172796177616e49647c733a353a223233333639223b7573657249647c733a313a2231223b6e616d617c733a31363a2244414e414e47204e5552204641555a49223b6c6f676765645f696e7c623a313b),
('4l6c084pssgkicrvmqfhsal4ulmk7cc9', '::1', 1483956113, 0x5f5f63695f6c6173745f726567656e65726174657c693a313438333935353832373b6b6172796177616e49647c733a353a223233333639223b7573657249647c733a313a2231223b6e616d617c733a31363a2244414e414e47204e5552204641555a49223b6c6f676765645f696e7c623a313b);

-- --------------------------------------------------------

--
-- Table structure for table `invoice`
--

DROP TABLE IF EXISTS `invoice`;
CREATE TABLE IF NOT EXISTS `invoice` (
  `i_id` int(11) NOT NULL,
  `i_ot_id` int(11) DEFAULT NULL,
  `i_status` int(11) DEFAULT NULL,
  `i_created` datetime DEFAULT NULL,
  `i_updated` datetime DEFAULT NULL
) ENGINE=MyISAM AUTO_INCREMENT=3 DEFAULT CHARSET=latin1;

--
-- Dumping data for table `invoice`
--

INSERT INTO `invoice` (`i_id`, `i_ot_id`, `i_status`, `i_created`, `i_updated`) VALUES
(1, 1, 0, '2017-01-04 13:58:32', NULL),
(2, 2, 0, '2017-01-05 13:58:46', NULL);

-- --------------------------------------------------------

--
-- Table structure for table `order_produk`
--

DROP TABLE IF EXISTS `order_produk`;
CREATE TABLE IF NOT EXISTS `order_produk` (
  `op_id` int(11) NOT NULL,
  `op_ot_id` int(11) DEFAULT NULL,
  `op_pb_id` int(11) DEFAULT NULL,
  `op_harga` bigint(11) DEFAULT NULL,
  `op_point` bigint(11) DEFAULT NULL,
  `op_jumlah_barang` bigint(11) DEFAULT NULL,
  `op_jumlah_harga` bigint(11) DEFAULT NULL
) ENGINE=MyISAM AUTO_INCREMENT=9 DEFAULT CHARSET=latin1;

--
-- Dumping data for table `order_produk`
--

INSERT INTO `order_produk` (`op_id`, `op_ot_id`, `op_pb_id`, `op_harga`, `op_point`, `op_jumlah_barang`, `op_jumlah_harga`) VALUES
(1, 1, 1, 18000, 1000, 50, 900000),
(2, 1, 2, 80000, 2500, 10, 800000),
(3, 1, 4, 5000, 50, 100, 500000),
(4, 2, 1, 18000, 1000, 4, 72000),
(5, 2, 2, 80000, 2500, 100, 8000000),
(6, 3, 1, 18000, 1000, 7, 126000),
(7, 3, 3, 100000, 3000, 90, 9000000),
(8, 3, 4, 5000, 50, 100, 500000);

-- --------------------------------------------------------

--
-- Table structure for table `order_tiket`
--

DROP TABLE IF EXISTS `order_tiket`;
CREATE TABLE IF NOT EXISTS `order_tiket` (
  `ot_id` int(11) NOT NULL,
  `ot_invoice` varchar(155) DEFAULT NULL,
  `ot_status_pembayaran` int(1) DEFAULT '0',
  `ot_ur_id` int(11) DEFAULT NULL,
  `ot_alamat` text,
  `ot_total_harga` bigint(11) DEFAULT NULL,
  `ot_total_point` bigint(11) DEFAULT NULL,
  `ot_created` datetime DEFAULT NULL
) ENGINE=MyISAM AUTO_INCREMENT=4 DEFAULT CHARSET=latin1;

--
-- Dumping data for table `order_tiket`
--

INSERT INTO `order_tiket` (`ot_id`, `ot_invoice`, `ot_status_pembayaran`, `ot_ur_id`, `ot_alamat`, `ot_total_harga`, `ot_total_point`, `ot_created`) VALUES
(1, 'sQcMPjOa', 0, 2, 'Jalan Jalan ke Bandung', 2200000, 80000, '2017-01-04 04:58:04'),
(2, '6GyyMR9N', 0, 1, 'Yogyakarta', 8072000, 254000, '2017-01-05 06:29:05'),
(3, 'RhdAiXn6', 0, 1, 'fdgfdhfghfghfg', 9626000, 282000, '2017-01-06 02:55:06');

-- --------------------------------------------------------

--
-- Table structure for table `produk_barang`
--

DROP TABLE IF EXISTS `produk_barang`;
CREATE TABLE IF NOT EXISTS `produk_barang` (
  `pb_id` int(11) NOT NULL,
  `pb_pk_id` int(1) DEFAULT NULL,
  `pb_nama` varchar(250) DEFAULT NULL,
  `pb_keterangan` text,
  `pb_harga` bigint(11) DEFAULT NULL,
  `pb_diskon` bigint(11) DEFAULT NULL,
  `pb_is_diskon` int(1) DEFAULT NULL,
  `pb_point` bigint(11) DEFAULT NULL,
  `pb_stock` bigint(11) DEFAULT NULL,
  `pb_created` datetime DEFAULT NULL,
  `pb_updated` datetime DEFAULT NULL
) ENGINE=MyISAM AUTO_INCREMENT=5 DEFAULT CHARSET=latin1;

--
-- Dumping data for table `produk_barang`
--

INSERT INTO `produk_barang` (`pb_id`, `pb_pk_id`, `pb_nama`, `pb_keterangan`, `pb_harga`, `pb_diskon`, `pb_is_diskon`, `pb_point`, `pb_stock`, `pb_created`, `pb_updated`) VALUES
(1, 1, 'GALON', 'Galon Mineral', 18000, 0, NULL, 1000, 189, '2017-01-03 10:48:03', '2017-01-03 11:55:03'),
(2, 2, 'MADU RAMBUTAN', 'Madu Rambutan 10 mL', 80000, 0, NULL, 2500, 500, '2017-01-03 10:51:03', '2017-01-09 09:57:09'),
(3, 2, 'MADU HUTAN', 'Madu Hutan 1 L', 100000, 0, NULL, 3000, 210, '2017-01-03 10:52:03', NULL),
(4, 3, 'Minyak Kayu Putih', '10mL', 5000, 0, NULL, 50, 800, '2017-01-03 12:12:03', NULL);

-- --------------------------------------------------------

--
-- Table structure for table `produk_kategori`
--

DROP TABLE IF EXISTS `produk_kategori`;
CREATE TABLE IF NOT EXISTS `produk_kategori` (
  `pk_id` int(11) NOT NULL,
  `pk_nama` varchar(155) DEFAULT NULL,
  `pk_keterangan` text,
  `pk_created` datetime DEFAULT NULL,
  `pk_updated` datetime DEFAULT NULL
) ENGINE=MyISAM AUTO_INCREMENT=4 DEFAULT CHARSET=latin1;

--
-- Dumping data for table `produk_kategori`
--

INSERT INTO `produk_kategori` (`pk_id`, `pk_nama`, `pk_keterangan`, `pk_created`, `pk_updated`) VALUES
(1, 'AMDK', 'Air Mineral Dalam Kemasan', '2017-01-03 16:27:57', NULL),
(2, 'MADU', 'Madu Perhutani', '2017-01-03 16:28:02', '2017-01-03 12:12:03'),
(3, 'MINYAK KAYU PUTIH', 'Minyak Kayu Putih', '2017-01-03 12:11:03', NULL);

-- --------------------------------------------------------

--
-- Table structure for table `user_register`
--

DROP TABLE IF EXISTS `user_register`;
CREATE TABLE IF NOT EXISTS `user_register` (
  `ur_id` int(11) NOT NULL,
  `ur_aktivasi` int(1) DEFAULT NULL,
  `ur_karyawan_id` int(11) DEFAULT NULL,
  `ur_created` datetime DEFAULT NULL
) ENGINE=MyISAM AUTO_INCREMENT=3 DEFAULT CHARSET=latin1;

--
-- Dumping data for table `user_register`
--

INSERT INTO `user_register` (`ur_id`, `ur_aktivasi`, `ur_karyawan_id`, `ur_created`) VALUES
(1, 1, 23369, '2017-01-03 04:26:03'),
(2, 1, 10561, '2017-01-04 04:53:04');

--
-- Indexes for dumped tables
--

--
-- Indexes for table `ci_sessions`
--
ALTER TABLE `ci_sessions`
  ADD KEY `ci_sessions_timestamp` (`timestamp`);

--
-- Indexes for table `invoice`
--
ALTER TABLE `invoice`
  ADD PRIMARY KEY (`i_id`);

--
-- Indexes for table `order_produk`
--
ALTER TABLE `order_produk`
  ADD PRIMARY KEY (`op_id`);

--
-- Indexes for table `order_tiket`
--
ALTER TABLE `order_tiket`
  ADD PRIMARY KEY (`ot_id`);

--
-- Indexes for table `produk_barang`
--
ALTER TABLE `produk_barang`
  ADD PRIMARY KEY (`pb_id`);

--
-- Indexes for table `produk_kategori`
--
ALTER TABLE `produk_kategori`
  ADD PRIMARY KEY (`pk_id`);

--
-- Indexes for table `user_register`
--
ALTER TABLE `user_register`
  ADD PRIMARY KEY (`ur_id`);

--
-- AUTO_INCREMENT for dumped tables
--

--
-- AUTO_INCREMENT for table `invoice`
--
ALTER TABLE `invoice`
  MODIFY `i_id` int(11) NOT NULL AUTO_INCREMENT,AUTO_INCREMENT=3;
--
-- AUTO_INCREMENT for table `order_produk`
--
ALTER TABLE `order_produk`
  MODIFY `op_id` int(11) NOT NULL AUTO_INCREMENT,AUTO_INCREMENT=9;
--
-- AUTO_INCREMENT for table `order_tiket`
--
ALTER TABLE `order_tiket`
  MODIFY `ot_id` int(11) NOT NULL AUTO_INCREMENT,AUTO_INCREMENT=4;
--
-- AUTO_INCREMENT for table `produk_barang`
--
ALTER TABLE `produk_barang`
  MODIFY `pb_id` int(11) NOT NULL AUTO_INCREMENT,AUTO_INCREMENT=5;
--
-- AUTO_INCREMENT for table `produk_kategori`
--
ALTER TABLE `produk_kategori`
  MODIFY `pk_id` int(11) NOT NULL AUTO_INCREMENT,AUTO_INCREMENT=4;
--
-- AUTO_INCREMENT for table `user_register`
--
ALTER TABLE `user_register`
  MODIFY `ur_id` int(11) NOT NULL AUTO_INCREMENT,AUTO_INCREMENT=3;
/*!40101 SET CHARACTER_SET_CLIENT=@OLD_CHARACTER_SET_CLIENT */;
/*!40101 SET CHARACTER_SET_RESULTS=@OLD_CHARACTER_SET_RESULTS */;
/*!40101 SET COLLATION_CONNECTION=@OLD_COLLATION_CONNECTION */;
